flight_id,airline,origin,destination,flight_date,price_usd,duration_hrs,stops,cabin_class,days_before_departure,scraped_at,route,month,day_of_week,is_weekend_flight,is_holiday_season,booking_window,price_per_hour,log_price,cabin_rank
FL0002,Jetblue,JFK,LAX,2024-06-28,1093.54,1.6,1,Business,179,2026-05-22 11:14:34,JFK-LAX,6,4,0,1,2mo+,683.46,6.99808946266332,2.0
FL0003,Delta,BOS,DEN,2024-06-04,658.94,2.7,2,Premium Economy,155,2026-05-22 11:14:34,BOS-DEN,6,1,0,1,2mo+,244.05,6.492148921797081,1.0
FL0005,Spirit,BOS,DEN,2024-03-13,1774.58,12.3,2,Business,72,2026-05-22 11:14:34,BOS-DEN,3,2,0,0,2mo+,144.27,7.48188240909829,2.0
FL0006,Delta,NYC,LAX,2024-06-05,1232.7,10.0,0,Premium Economy,156,2026-05-22 11:14:34,NYC-LAX,6,2,0,1,2mo+,123.27,7.1177730630774185,1.0
FL0007,Delta,BOS,DEN,2024-06-25,732.66,9.5,1,Business,176,2026-05-22 11:14:34,BOS-DEN,6,1,0,1,2mo+,77.12,6.59804570603833,2.0
FL0008,Frontier,JFK,LAX,2024-02-25,770.0,12.9,2,Premium Economy,55,2026-05-22 11:14:34,JFK-LAX,2,6,1,0,1-2mo,59.69,6.647688373563329,1.0
FL0012,Delta,NYC,LAX,2024-05-09,827.8,13.4,2,Economy,129,2026-05-22 11:14:34,NYC-LAX,5,3,0,0,2mo+,61.78,6.719978871505218,0.0
FL0013,Delta,ATL,LAS,2024-05-19,953.18,6.2,1,Economy,139,2026-05-22 11:14:34,ATL-LAS,5,6,1,0,2mo+,153.74,6.860852332895879,0.0
FL0014,United,NYC,LAX,2024-03-03,272.41,13.8,2,Economy,62,2026-05-22 11:14:34,NYC-LAX,3,6,1,0,2mo+,19.74,5.610972500065717,0.0
FL0015,Delta,ORD,MIA,2024-02-03,1483.56,8.2,1,Business,33,2026-05-22 11:14:34,ORD-MIA,2,5,1,0,1-2mo,180.92,7.302873711036083,2.0
FL0017,Southwest,NYC,LAX,2024-01-07,970.23,4.3,2,Business,6,2026-05-22 11:14:34,NYC-LAX,1,6,1,0,Last-min,225.63,6.878563309449246,2.0
FL0019,Frontier,BOS,DEN,2024-03-04,914.91,10.5,2,Business,63,2026-05-22 11:14:34,BOS-DEN,3,0,0,0,2mo+,87.13,6.819918106571852,2.0
FL0021,Frontier,JFK,LAX,2024-05-18,663.6,4.6,1,Business,138,2026-05-22 11:14:34,JFK-LAX,5,5,1,0,2mo+,144.26,6.499185355920494,2.0
FL0022,Delta,ATL,LAS,2024-01-14,1584.12,11.6,0,,13,2026-05-22 11:14:34,ATL-LAS,1,6,1,0,1-2wk,136.56,7.36841539322472,
FL0023,Frontier,JFK,LAX,2024-05-04,1673.35,3.6,2,Economy,124,2026-05-22 11:14:34,JFK-LAX,5,5,1,0,2mo+,464.82,7.4231803092430235,0.0
FL0024,Delta,SFO,SEA,2024-03-15,1774.73,11.3,2,Premium Economy,74,2026-05-22 11:14:34,SFO-SEA,3,4,0,0,2mo+,157.06,7.481966884967808,1.0
FL0026,Frontier,SFO,SEA,2024-06-22,953.47,2.4,0,Economy,173,2026-05-22 11:14:34,SFO-SEA,6,5,1,1,2mo+,397.28,6.861156212603769,0.0
FL0027,Spirit,BOS,DEN,2024-03-08,148.36,9.7,2,Business,67,2026-05-22 11:14:34,BOS-DEN,3,4,0,0,2mo+,15.29,5.006359499233468,2.0
FL0028,United,ATL,LAS,2024-01-04,1235.31,5.5,0,Economy,3,2026-05-22 11:14:34,ATL-LAS,1,3,0,0,Last-min,224.6,7.1198864156317905,0.0
FL0029,American,ORD,MIA,2024-03-04,950.12,5.9,0,Economy,63,2026-05-22 11:14:34,ORD-MIA,3,0,0,0,2mo+,161.04,6.85764023755029,0.0
FL0030,American,ATL,LAS,2024-06-19,1778.04,1.6,2,First Class,170,2026-05-22 11:14:34,ATL-LAS,6,2,0,1,2mo+,1111.27,7.483829171954939,3.0
FL0032,Spirit,ATL,LAS,2024-03-12,511.93,2.1,2,,71,2026-05-22 11:14:34,ATL-LAS,3,1,0,0,2mo+,243.78,6.2401393836186,
FL0033,American,SFO,SEA,2024-03-15,530.56,8.4,2,Business,144,2026-05-22 11:14:34,SFO-SEA,3,4,0,0,2mo+,63.16,6.275816079463307,2.0
FL0034,Delta,JFK,LAX,2024-04-04,1081.92,3.1,2,First Class,94,2026-05-22 11:14:34,JFK-LAX,4,3,0,0,2mo+,349.01,6.9874163753898175,3.0
FL0035,Southwest,BOS,DEN,2024-06-08,1227.13,8.5,2,,159,2026-05-22 11:14:34,BOS-DEN,6,5,1,1,2mo+,144.37,7.113247966296158,
FL0036,Southwest,SFO,SEA,2024-04-16,1474.53,1.8,2,First Class,106,2026-05-22 11:14:34,SFO-SEA,4,1,0,0,2mo+,819.18,7.296772526267117,3.0
FL0037,Alaska,SFO,SEA,2024-02-22,265.92,12.2,1,First Class,52,2026-05-22 11:14:34,SFO-SEA,2,3,0,0,1-2mo,21.8,5.586948988035406,3.0
FL0038,United,ATL,LAS,2024-03-26,1578.68,9.8,2,,85,2026-05-22 11:14:34,ATL-LAS,3,1,0,0,2mo+,161.09,7.36497757386314,
FL0039,Jetblue,ATL,LAS,2024-01-09,956.18,12.0,2,Business,8,2026-05-22 11:14:34,ATL-LAS,1,1,0,0,1-2wk,79.68,6.863991461540961,2.0
FL0042,Jetblue,NYC,LAX,2024-03-25,294.36,7.8,2,Business,84,2026-05-22 11:14:34,NYC-LAX,3,0,0,0,2mo+,37.74,5.688194951314488,2.0
FL0043,Frontier,SFO,SEA,2024-06-07,1223.68,10.9,1,Business,158,2026-05-22 11:14:34,SFO-SEA,6,4,0,1,2mo+,112.26,7.110434864363971,2.0
FL0046,Alaska,ORD,MIA,2024-03-15,1371.96,4.3,1,Business,38,2026-05-22 11:14:34,ORD-MIA,3,4,0,0,1-2mo,319.06,7.224724272058811,2.0
FL0047,American,ORD,MIA,2024-05-07,1604.16,10.5,2,Premium Economy,127,2026-05-22 11:14:34,ORD-MIA,5,1,0,0,2mo+,152.78,7.380978719069071,1.0
FL0048,Delta,JFK,LAX,2024-02-16,1559.96,11.2,1,Economy,46,2026-05-22 11:14:34,JFK-LAX,2,4,0,0,1-2mo,139.28,7.353056295587501,0.0
FL0049,Delta,JFK,LAX,2024-06-20,1658.05,3.2,2,Business,171,2026-05-22 11:14:34,JFK-LAX,6,3,0,1,2mo+,518.14,7.414000428374019,2.0
FL0050,American,NYC,LAX,2024-05-21,1613.25,10.5,2,Premium Economy,141,2026-05-22 11:14:34,NYC-LAX,5,1,0,0,2mo+,153.64,7.386625731506577,1.0
FL0052,American,ATL,LAS,2024-03-01,657.66,2.5,1,Premium Economy,60,2026-05-22 11:14:34,ATL-LAS,3,4,0,0,1-2mo,263.06,6.490207468130992,1.0
FL0053,United,BOS,DEN,2024-04-18,781.07,6.7,1,Premium Economy,108,2026-05-22 11:14:34,BOS-DEN,4,3,0,0,2mo+,116.58,6.6619442506056625,1.0
FL0054,Frontier,JFK,LAX,2024-03-18,1396.82,1.6,2,Business,77,2026-05-22 11:14:34,JFK-LAX,3,0,0,0,2mo+,873.01,7.242669159139265,2.0
FL0055,American,BOS,DEN,2024-02-13,549.45,6.4,2,Business,43,2026-05-22 11:14:34,BOS-DEN,2,1,0,0,1-2mo,85.85,6.310736125516412,2.0
FL0056,American,JFK,LAX,2024-02-05,1098.06,2.5,2,Economy,35,2026-05-22 11:14:34,JFK-LAX,2,0,0,0,1-2mo,439.22,7.002210547999806,0.0
FL0057,Frontier,ATL,LAS,2024-03-13,444.06,11.0,2,First Class,72,2026-05-22 11:14:34,ATL-LAS,3,2,0,0,2mo+,40.37,6.09820910453797,3.0
FL0060,United,BOS,DEN,2024-02-12,520.74,9.1,0,Business,42,2026-05-22 11:14:34,BOS-DEN,2,0,0,0,1-2mo,57.22,6.257169379506266,2.0
FL0067,United,ATL,LAS,2024-05-13,1594.15,5.0,0,Business,133,2026-05-22 11:14:34,ATL-LAS,5,0,0,0,2mo+,318.83,7.374723054684243,2.0
FL0068,United,JFK,LAX,2024-04-25,1384.04,9.6,2,First Class,115,2026-05-22 11:14:34,JFK-LAX,4,3,0,0,2mo+,144.17,7.23348429907082,3.0
FL0069,Delta,BOS,DEN,2024-04-19,498.48,6.1,2,First Class,109,2026-05-22 11:14:34,BOS-DEN,4,4,0,0,2mo+,81.72,6.213567557246944,3.0
FL0070,Delta,NYC,LAX,2024-03-22,545.98,3.0,1,,81,2026-05-22 11:14:34,NYC-LAX,3,4,0,0,2mo+,181.99,6.304412238682238,
FL0071,Jetblue,SFO,SEA,2024-01-27,1350.4,8.9,2,Business,26,2026-05-22 11:14:34,SFO-SEA,1,5,1,0,2-4wk,151.73,7.208896371118074,2.0
FL0072,American,NYC,LAX,2024-05-22,104.34,4.9,0,Premium Economy,142,2026-05-22 11:14:34,NYC-LAX,5,2,0,0,2mo+,21.29,4.657193214055243,1.0
FL0075,Alaska,ORD,MIA,2024-05-14,283.74,9.1,1,First Class,134,2026-05-22 11:14:34,ORD-MIA,5,1,0,0,2mo+,31.18,5.6515764831855995,3.0
FL0077,Jetblue,SFO,SEA,2024-03-16,1029.43,6.6,2,Premium Economy,75,2026-05-22 11:14:34,SFO-SEA,3,5,1,0,2mo+,155.97,6.937731469833091,1.0
FL0078,Southwest,ATL,LAS,2024-04-19,860.93,13.0,1,Premium Economy,109,2026-05-22 11:14:34,ATL-LAS,4,4,0,0,2mo+,66.23,6.759174060869747,1.0
FL0079,United,SFO,SEA,2024-06-02,1501.81,3.6,2,First Class,153,2026-05-22 11:14:34,SFO-SEA,6,6,1,1,2mo+,417.17,7.315091967923083,3.0
FL0081,United,NYC,LAX,2024-06-22,124.49,9.9,0,Economy,173,2026-05-22 11:14:34,NYC-LAX,6,5,1,1,2mo+,12.57,4.832226074122216,0.0
FL0082,United,SFO,SEA,2024-06-12,1200.6,3.8,2,Economy,163,2026-05-22 11:14:34,SFO-SEA,6,2,0,1,2mo+,315.95,7.09140928100987,0.0
FL0084,Delta,JFK,LAX,2024-05-12,620.97,13.6,2,Premium Economy,132,2026-05-22 11:14:34,JFK-LAX,5,6,1,0,2mo+,45.66,6.432891860064749,1.0
FL0086,Delta,ATL,LAS,2024-02-11,1280.99,13.7,1,Business,41,2026-05-22 11:14:34,ATL-LAS,2,6,1,0,1-2mo,93.5,7.15616883713818,2.0
FL0087,Alaska,JFK,LAX,2024-06-15,1786.68,7.3,0,Premium Economy,166,2026-05-22 11:14:34,JFK-LAX,6,5,1,1,2mo+,244.75,7.488673968799028,1.0
FL0088,Frontier,ATL,LAS,2024-04-27,550.29,13.8,1,Business,117,2026-05-22 11:14:34,ATL-LAS,4,5,1,0,2mo+,39.88,6.3122609864868116,2.0
FL0089,Jetblue,SFO,SEA,2024-01-02,555.15,6.7,2,,1,2026-05-22 11:14:34,SFO-SEA,1,1,0,0,Last-min,82.86,6.3210380420380385,
FL0092,Alaska,SFO,SEA,2024-04-23,143.67,8.9,0,Economy,113,2026-05-22 11:14:34,SFO-SEA,4,1,0,0,2mo+,16.14,4.974455286641499,0.0
FL0093,Frontier,SFO,SEA,2024-03-28,1206.22,7.4,2,Premium Economy,87,2026-05-22 11:14:34,SFO-SEA,3,3,0,0,2mo+,163.0,7.096075474579492,1.0
FL0094,Alaska,ORD,MIA,2024-06-10,1546.03,6.3,2,,161,2026-05-22 11:14:34,ORD-MIA,6,0,0,1,2mo+,245.4,7.34409224275737,
FL0095,United,JFK,LAX,2024-01-25,483.8,5.1,1,,24,2026-05-22 11:14:34,JFK-LAX,1,3,0,0,2-4wk,94.86,6.1837364347551045,
FL0096,Frontier,ORD,MIA,2024-03-17,1273.68,2.1,0,Business,76,2026-05-22 11:14:34,ORD-MIA,3,6,1,0,2mo+,606.51,7.15045044569952,2.0
FL0097,United,BOS,DEN,2024-06-06,1053.4,3.6,0,Premium Economy,157,2026-05-22 11:14:34,BOS-DEN,6,3,0,1,2mo+,292.61,6.960727163748243,1.0
FL0098,Alaska,BOS,DEN,2024-03-07,1083.03,9.5,2,First Class,66,2026-05-22 11:14:34,BOS-DEN,3,3,0,0,2mo+,114.0,6.988440856893391,3.0
FL0099,Jetblue,SFO,SEA,2024-06-26,1705.81,5.2,2,Business,177,2026-05-22 11:14:34,SFO-SEA,6,2,0,1,2mo+,328.04,7.442381410213954,2.0
FL0103,Frontier,JFK,LAX,2024-03-17,838.22,10.7,0,Business,76,2026-05-22 11:14:34,JFK-LAX,3,6,1,0,2mo+,78.34,6.7324728890192675,2.0
FL0104,Alaska,BOS,DEN,2024-02-13,1007.78,8.1,2,,43,2026-05-22 11:14:34,BOS-DEN,2,1,0,0,1-2mo,124.42,6.916496958918891,
FL0106,Jetblue,NYC,LAX,2024-06-22,758.67,3.0,2,Business,173,2026-05-22 11:14:34,NYC-LAX,6,5,1,1,2mo+,252.89,6.6328841284573725,2.0
FL0107,Delta,JFK,LAX,2024-06-08,1697.3,4.4,0,First Class,159,2026-05-22 11:14:34,JFK-LAX,6,5,1,1,2mo+,385.75,7.437383029710724,3.0
FL0108,Delta,BOS,DEN,2024-01-31,1172.89,10.3,2,First Class,30,2026-05-22 11:14:34,BOS-DEN,1,2,0,0,2-4wk,113.87,7.068078299235023,3.0
FL0110,Southwest,SFO,SEA,2024-01-10,1206.47,9.2,2,Economy,9,2026-05-22 11:14:34,SFO-SEA,1,2,0,0,1-2wk,131.14,7.0962825404975955,0.0
FL0113,United,BOS,DEN,2024-03-26,1396.07,4.2,1,Economy,85,2026-05-22 11:14:34,BOS-DEN,3,1,0,0,2mo+,332.4,7.242132465374572,0.0
FL0114,Delta,ATL,LAS,2024-01-30,328.86,4.6,1,Business,29,2026-05-22 11:14:34,ATL-LAS,1,1,0,0,2-4wk,71.49,5.798668322020006,2.0
FL0115,Frontier,JFK,LAX,2024-01-15,1436.1,1.7,2,Business,14,2026-05-22 11:14:34,JFK-LAX,1,0,0,0,1-2wk,844.76,7.270382473080201,2.0
FL0116,United,ORD,MIA,2024-04-26,899.14,7.9,0,Economy,116,2026-05-22 11:14:34,ORD-MIA,4,4,0,0,2mo+,113.82,6.802550306782355,0.0
FL0117,Alaska,ATL,LAS,2024-04-20,1738.13,7.5,2,Premium Economy,110,2026-05-22 11:14:34,ATL-LAS,4,5,1,0,2mo+,231.75,7.4611402671668925,1.0
FL0119,United,NYC,LAX,2024-01-27,1107.51,7.8,2,,26,2026-05-22 11:14:34,NYC-LAX,1,5,1,0,2-4wk,141.99,7.010772050215495,
FL0120,Spirit,BOS,DEN,2024-04-17,1607.52,11.8,2,Economy,107,2026-05-22 11:14:34,BOS-DEN,4,2,0,0,2mo+,136.23,7.383069780546449,0.0
FL0121,United,NYC,LAX,2024-01-25,723.8,13.0,0,Economy,24,2026-05-22 11:14:34,NYC-LAX,1,3,0,0,2-4wk,55.68,6.585895754728769,0.0
FL0122,Spirit,ORD,MIA,2024-06-21,720.95,2.2,2,,172,2026-05-22 11:14:34,ORD-MIA,6,4,0,1,2mo+,327.7,6.581955884417228,
FL0123,Southwest,JFK,LAX,2024-01-28,1320.22,9.0,2,Business,27,2026-05-22 11:14:34,JFK-LAX,1,6,1,0,2-4wk,146.69,7.186310831155617,2.0
FL0125,Spirit,JFK,LAX,2024-06-29,1211.47,1.9,2,First Class,180,2026-05-22 11:14:34,JFK-LAX,6,5,1,1,2mo+,637.62,7.100414880237502,3.0
FL0126,Southwest,JFK,LAX,2024-01-25,326.39,2.4,0,Economy,24,2026-05-22 11:14:34,JFK-LAX,1,3,0,0,2-4wk,136.0,5.791152120793108,0.0
FL0127,United,JFK,LAX,2024-01-15,350.74,5.6,0,Economy,14,2026-05-22 11:14:34,JFK-LAX,1,0,0,0,1-2wk,62.63,5.862892266308218,0.0
FL0128,United,ORD,MIA,2024-02-26,1218.53,7.0,2,First Class,56,2026-05-22 11:14:34,ORD-MIA,2,0,0,0,1-2mo,174.08,7.106220817599397,3.0
FL0129,United,JFK,LAX,2024-01-13,1246.53,8.1,2,Economy,12,2026-05-22 11:14:34,JFK-LAX,1,5,1,0,1-2wk,153.89,7.128920875432716,0.0
FL0130,Alaska,JFK,LAX,2024-03-25,1705.96,11.1,2,Premium Economy,84,2026-05-22 11:14:34,JFK-LAX,3,0,0,0,2mo+,153.69,7.4424692895966285,1.0
FL0131,Delta,JFK,LAX,2024-01-20,733.96,7.8,2,Economy,19,2026-05-22 11:14:34,JFK-LAX,1,5,1,0,2-4wk,94.1,6.599816075963211,0.0
FL0132,United,JFK,LAX,2024-06-13,213.92,6.9,2,Economy,164,2026-05-22 11:14:34,JFK-LAX,6,3,0,1,2mo+,31.0,5.37026586586062,0.0
FL0133,United,JFK,LAX,2024-01-24,375.62,7.3,2,Business,23,2026-05-22 11:14:34,JFK-LAX,1,2,0,0,2-4wk,51.45,5.931236721557496,2.0
FL0134,American,JFK,LAX,2024-02-27,981.22,5.4,2,Economy,57,2026-05-22 11:14:34,JFK-LAX,2,1,0,0,1-2mo,181.71,6.8898153158494715,0.0
FL0135,Jetblue,ORD,MIA,2024-03-02,413.51,5.9,1,Business,61,2026-05-22 11:14:34,ORD-MIA,3,5,1,0,2mo+,70.09,6.027097099736688,2.0
FL0136,United,SFO,SEA,2024-04-29,1387.57,3.7,2,Economy,119,2026-05-22 11:14:34,SFO-SEA,4,0,0,0,2mo+,375.02,7.236029719592058,0.0
FL0137,Jetblue,NYC,LAX,2024-06-11,1158.81,2.4,2,Business,162,2026-05-22 11:14:34,NYC-LAX,6,1,0,1,2mo+,482.84,7.056011477581407,2.0
FL0138,United,JFK,LAX,2024-03-15,207.61,2.0,2,Business,74,2026-05-22 11:14:34,JFK-LAX,3,4,0,0,2mo+,103.8,5.340466480056195,2.0
FL0139,Spirit,JFK,LAX,2024-05-27,1033.42,12.7,2,Business,147,2026-05-22 11:14:34,JFK-LAX,5,0,0,0,2mo+,81.37,6.941596162150855,2.0
FL0141,Frontier,BOS,DEN,2024-04-06,1784.5,9.1,2,Economy,96,2026-05-22 11:14:34,BOS-DEN,4,5,1,0,2mo+,196.1,7.487453767034503,0.0
FL0142,Frontier,NYC,LAX,2024-01-26,170.07,5.7,2,First Class,25,2026-05-22 11:14:34,NYC-LAX,1,4,0,0,2-4wk,29.84,5.1420728294642,3.0
FL0143,American,ATL,LAS,2024-01-22,1209.29,12.4,2,First Class,21,2026-05-22 11:14:34,ATL-LAS,1,0,0,0,2-4wk,97.52,7.098615279296147,3.0
FL0145,Delta,NYC,LAX,2024-06-15,1232.6,10.7,0,First Class,166,2026-05-22 11:14:34,NYC-LAX,6,5,1,1,2mo+,115.2,7.117692002809065,3.0
FL0146,American,JFK,LAX,2024-02-20,390.05,13.3,2,Business,50,2026-05-22 11:14:34,JFK-LAX,2,1,0,0,1-2mo,29.33,5.968835429047621,2.0
FL0147,United,ORD,MIA,2024-06-19,1435.57,8.2,0,Business,170,2026-05-22 11:14:34,ORD-MIA,6,2,0,1,2mo+,175.07,7.27001360678309,2.0
FL0148,Spirit,JFK,LAX,2024-04-23,391.06,9.3,1,Premium Economy,113,2026-05-22 11:14:34,JFK-LAX,4,1,0,0,2mo+,42.05,5.971414889302278,1.0
FL0149,Alaska,BOS,DEN,2024-05-17,1130.22,11.3,1,,137,2026-05-22 11:14:34,BOS-DEN,5,4,0,0,2mo+,100.02,7.031051975325475,
FL0150,Frontier,BOS,DEN,2024-04-08,1709.06,7.3,2,Business,98,2026-05-22 11:14:34,BOS-DEN,4,0,0,0,2mo+,234.12,7.444283736600444,2.0
FL0151,Delta,BOS,DEN,2024-05-22,318.05,9.5,2,,142,2026-05-22 11:14:34,BOS-DEN,5,2,0,0,2mo+,33.48,5.765347830314356,
FL0152,Southwest,ORD,MIA,2024-04-22,1392.56,12.8,1,,112,2026-05-22 11:14:34,ORD-MIA,4,0,0,0,2mo+,108.79,7.2396169030456665,
FL0156,Alaska,JFK,LAX,2024-06-13,575.53,2.1,2,Economy,164,2026-05-22 11:14:34,JFK-LAX,6,3,0,1,2mo+,274.06,6.357027376516494,0.0
FL0157,Delta,ORD,MIA,2024-02-07,939.71,9.4,1,Business,37,2026-05-22 11:14:34,ORD-MIA,2,2,0,0,1-2mo,99.97,6.8466349093030345,2.0
FL0158,Delta,NYC,LAX,2024-01-19,796.5,2.6,2,Business,18,2026-05-22 11:14:34,NYC-LAX,1,4,0,0,2-4wk,306.35,6.6814818346589995,2.0
FL0159,United,JFK,LAX,2024-01-06,888.63,13.8,2,First Class,5,2026-05-22 11:14:34,JFK-LAX,1,5,1,0,Last-min,64.39,6.790805645949292,3.0
FL0160,Delta,BOS,DEN,2024-02-05,1160.6,10.7,2,First Class,35,2026-05-22 11:14:34,BOS-DEN,2,0,0,0,1-2mo,108.47,7.0575536440705315,3.0
FL0161,Alaska,SFO,SEA,2024-02-05,1257.65,7.5,1,Economy,35,2026-05-22 11:14:34,SFO-SEA,2,0,0,0,1-2mo,167.69,7.137794996984188,0.0
FL0162,Delta,ATL,LAS,2024-05-12,1440.71,5.4,2,Economy,132,2026-05-22 11:14:34,ATL-LAS,5,6,1,0,2mo+,266.8,7.273585188049611,0.0
FL0164,Alaska,NYC,LAX,2024-02-18,768.04,13.5,2,First Class,48,2026-05-22 11:14:34,NYC-LAX,2,6,1,0,1-2mo,56.89,6.645142983757561,3.0
FL0165,United,ATL,LAS,2024-05-20,1330.58,9.0,1,Economy,140,2026-05-22 11:14:34,ATL-LAS,5,0,0,0,2mo+,147.84,7.194121486062692,0.0
FL0166,Spirit,NYC,LAX,2024-03-31,607.17,6.8,2,Business,90,2026-05-22 11:14:34,NYC-LAX,3,6,1,0,2mo+,89.29,6.410454448147058,2.0
FL0168,Spirit,JFK,LAX,2024-03-02,1125.03,1.9,0,First Class,61,2026-05-22 11:14:34,JFK-LAX,3,5,1,0,2mo+,592.12,7.026453451328732,3.0
FL0169,United,JFK,LAX,2024-04-06,135.7,7.1,2,Business,96,2026-05-22 11:14:34,JFK-LAX,4,5,1,0,2mo+,19.11,4.917788743729904,2.0
FL0170,Alaska,SFO,SEA,2024-01-08,764.62,4.6,0,Business,7,2026-05-22 11:14:34,SFO-SEA,1,0,0,0,Last-min,166.22,6.640685963099522,2.0
FL0171,Alaska,JFK,LAX,2024-06-06,282.55,10.3,1,Business,157,2026-05-22 11:14:34,JFK-LAX,6,3,0,1,2mo+,27.43,5.647388474460037,2.0
FL0172,Spirit,ORD,MIA,2024-06-24,207.37,10.4,0,Premium Economy,175,2026-05-22 11:14:34,ORD-MIA,6,0,0,1,2mo+,19.94,5.339315345582109,1.0
FL0173,Spirit,NYC,LAX,2024-06-29,1026.0,5.2,1,Business,180,2026-05-22 11:14:34,NYC-LAX,6,5,1,1,2mo+,197.31,6.934397209928558,2.0
FL0174,Spirit,BOS,DEN,2024-04-03,425.69,11.4,0,Economy,93,2026-05-22 11:14:34,BOS-DEN,4,2,0,0,2mo+,37.34,6.056057754250246,0.0
FL0175,Frontier,SFO,SEA,2024-05-15,228.29,14.0,2,,135,2026-05-22 11:14:34,SFO-SEA,5,2,0,0,2mo+,16.31,5.434987577922902,
FL0176,Delta,ORD,MIA,2024-02-03,625.29,7.3,2,Premium Economy,33,2026-05-22 11:14:34,ORD-MIA,2,5,1,0,1-2mo,85.66,6.439813522614818,1.0
FL0177,American,SFO,SEA,2024-05-13,301.94,12.4,0,Business,133,2026-05-22 11:14:34,SFO-SEA,5,0,0,0,2mo+,24.35,5.71353476609888,2.0
FL0179,American,ATL,LAS,2024-06-01,600.86,7.8,1,Business,152,2026-05-22 11:14:34,ATL-LAS,6,5,1,1,2mo+,77.03,6.400024860123449,2.0
FL0180,Jetblue,NYC,LAX,2024-06-14,1049.42,1.9,0,Premium Economy,165,2026-05-22 11:14:34,NYC-LAX,6,4,0,1,2mo+,552.33,6.956945363172896,1.0
FL0181,Alaska,BOS,DEN,2024-06-14,796.53,7.7,2,Business,165,2026-05-22 11:14:34,BOS-DEN,6,4,0,1,2mo+,103.45,6.681519451506336,2.0
FL0182,United,JFK,LAX,2024-04-29,205.51,7.0,2,Business,119,2026-05-22 11:14:34,JFK-LAX,4,0,0,0,2mo+,29.36,5.3303488373787005,2.0
FL0183,Delta,NYC,LAX,2024-02-04,629.22,5.8,2,Business,34,2026-05-22 11:14:34,NYC-LAX,2,6,1,0,1-2mo,108.49,6.446068964776439,2.0
FL0184,Frontier,ORD,MIA,2024-01-14,882.33,4.6,0,,13,2026-05-22 11:14:34,ORD-MIA,1,6,1,0,1-2wk,191.81,6.783698856720132,
FL0185,Alaska,JFK,LAX,2024-02-19,1568.33,5.6,2,Business,49,2026-05-22 11:14:34,JFK-LAX,2,0,0,0,1-2mo,280.06,7.358404055665622,2.0
FL0188,Southwest,SFO,SEA,2024-01-15,1331.31,6.1,2,First Class,14,2026-05-22 11:14:34,SFO-SEA,1,0,0,0,1-2wk,218.25,7.194669556755006,3.0
FL0189,Frontier,ATL,LAS,2024-02-03,947.32,5.0,0,First Class,33,2026-05-22 11:14:34,ATL-LAS,2,5,1,0,1-2mo,189.46,6.854691998039528,3.0
FL0190,Delta,NYC,LAX,2024-05-09,708.84,9.0,2,Business,129,2026-05-22 11:14:34,NYC-LAX,5,3,0,0,2mo+,78.76,6.565039592527082,2.0
FL0191,Spirit,NYC,LAX,2024-03-25,973.25,12.7,1,Business,84,2026-05-22 11:14:34,NYC-LAX,3,0,0,0,2mo+,76.63,6.881667944218819,2.0
FL0192,Delta,JFK,LAX,2024-05-25,1351.63,5.7,2,First Class,145,2026-05-22 11:14:34,JFK-LAX,5,5,1,0,2mo+,237.13,7.209806124401014,3.0
FL0194,Southwest,BOS,DEN,2024-02-08,1083.66,9.4,2,Economy,38,2026-05-22 11:14:34,BOS-DEN,2,3,0,0,1-2mo,115.28,6.9890218528104855,0.0
FL0195,United,ORD,MIA,2024-04-16,838.59,6.7,1,Economy,106,2026-05-22 11:14:34,ORD-MIA,4,1,0,0,2mo+,125.16,6.732913677442008,0.0
FL0196,American,JFK,LAX,2024-05-15,972.14,14.0,2,Economy,135,2026-05-22 11:14:34,JFK-LAX,5,2,0,0,2mo+,69.44,6.880527956727653,0.0
FL0197,Southwest,NYC,LAX,2024-06-06,1242.49,10.0,2,First Class,157,2026-05-22 11:14:34,NYC-LAX,6,3,0,1,2mo+,124.25,7.125677221393673,3.0
FL0198,Spirit,ATL,LAS,2024-06-26,1753.41,5.1,1,Economy,177,2026-05-22 11:14:34,ATL-LAS,6,2,0,1,2mo+,343.81,7.4698878970418345,0.0
FL0199,American,NYC,LAX,2024-04-12,1687.31,5.1,2,First Class,102,2026-05-22 11:14:34,NYC-LAX,4,4,0,0,2mo+,330.85,7.431483307583536,3.0
FL0200,Delta,JFK,LAX,2024-05-03,1308.32,7.0,2,First Class,123,2026-05-22 11:14:34,JFK-LAX,5,4,0,0,2mo+,186.9,7.177263197455008,3.0
FL0201,United,ATL,LAS,2024-06-13,1138.96,4.5,1,Economy,164,2026-05-22 11:14:34,ATL-LAS,6,3,0,1,2mo+,253.1,7.038748453053654,0.0
FL0202,Alaska,NYC,LAX,2024-04-15,252.94,1.6,1,Economy,105,2026-05-22 11:14:34,NYC-LAX,4,0,0,0,2mo+,158.09,5.537098018641645,0.0
FL0203,Delta,BOS,DEN,2024-06-16,574.06,2.2,0,Premium Economy,167,2026-05-22 11:14:34,BOS-DEN,6,6,1,1,2mo+,260.94,6.354474383179582,1.0
FL0204,American,JFK,LAX,2024-04-12,381.11,3.7,0,Premium Economy,102,2026-05-22 11:14:34,JFK-LAX,4,4,0,0,2mo+,103.0,5.945708525269778,1.0
FL0208,Southwest,JFK,LAX,2024-05-03,229.19,3.8,1,Economy,123,2026-05-22 11:14:34,JFK-LAX,5,4,0,0,2mo+,60.31,5.438905054857684,0.0
FL0209,Southwest,ATL,LAS,2024-03-08,848.39,5.6,0,Economy,67,2026-05-22 11:14:34,ATL-LAS,3,4,0,0,2mo+,151.5,6.744518444793622,0.0
FL0210,Jetblue,ORD,MIA,2024-06-26,354.71,13.0,2,First Class,177,2026-05-22 11:14:34,ORD-MIA,6,2,0,1,2mo+,27.29,5.874115792138089,3.0
FL0211,Alaska,BOS,DEN,2024-04-17,309.74,10.8,2,,107,2026-05-22 11:14:34,BOS-DEN,4,2,0,0,2mo+,28.68,5.738956549663855,
FL0212,United,BOS,DEN,2024-05-16,1250.19,11.3,2,Business,136,2026-05-22 11:14:34,BOS-DEN,5,3,0,0,2mo+,110.64,7.131850377431742,2.0
FL0213,Delta,ORD,MIA,2024-02-13,1021.96,8.7,1,Economy,43,2026-05-22 11:14:34,ORD-MIA,2,1,0,0,1-2mo,117.47,6.9304556645029125,0.0
FL0214,Delta,ORD,MIA,2024-01-16,1313.1,12.7,2,Economy,15,2026-05-22 11:14:34,ORD-MIA,1,1,0,0,2-4wk,103.39,7.180907299649593,0.0
FL0216,Alaska,BOS,DEN,2024-01-19,157.9,2.3,0,Economy,18,2026-05-22 11:14:34,BOS-DEN,1,4,0,0,2-4wk,68.65,5.0682750735426705,0.0
FL0217,Frontier,ATL,LAS,2024-04-06,1402.63,13.7,2,Economy,96,2026-05-22 11:14:34,ATL-LAS,4,5,1,0,2mo+,102.38,7.246817017091363,0.0
FL0218,Delta,JFK,LAX,2024-02-01,1254.3,8.2,2,Economy,31,2026-05-22 11:14:34,JFK-LAX,2,3,0,0,1-2mo,152.96,7.135129866824163,0.0
FL0219,Delta,SFO,SEA,2024-03-18,463.03,7.75,0,Economy,77,2026-05-22 11:14:34,SFO-SEA,3,0,0,0,2mo+,59.75,6.139949205308613,0.0
FL0220,Frontier,JFK,LAX,2024-01-10,505.72,4.9,0,Business,9,2026-05-22 11:14:34,JFK-LAX,1,2,0,0,1-2wk,103.21,6.22795858279033,2.0
FL0221,Frontier,JFK,LAX,2024-03-04,195.74,7.1,0,Economy,63,2026-05-22 11:14:34,JFK-LAX,3,0,0,0,2mo+,27.57,5.281883060084612,0.0
FL0222,United,BOS,DEN,2024-03-01,1377.54,3.3,2,First Class,60,2026-05-22 11:14:34,BOS-DEN,3,4,0,0,1-2mo,417.44,7.228780247090381,3.0
FL0223,Delta,NYC,LAX,2024-03-18,1587.16,8.0,2,Business,77,2026-05-22 11:14:34,NYC-LAX,3,0,0,0,2mo+,198.4,7.370331392399076,2.0
FL0224,Frontier,SFO,SEA,2024-05-15,814.79,13.7,2,Economy,135,2026-05-22 11:14:34,SFO-SEA,5,2,0,0,2mo+,59.47,6.704156968901979,0.0
FL0225,American,SFO,SEA,2024-03-18,396.27,4.5,1,,77,2026-05-22 11:14:34,SFO-SEA,3,0,0,0,2mo+,88.06,5.984616150279143,
FL0228,Spirit,JFK,LAX,2024-05-03,403.64,10.6,1,First Class,123,2026-05-22 11:14:34,JFK-LAX,5,4,0,0,2mo+,38.08,6.002997782921655,3.0
FL0229,Southwest,JFK,LAX,2024-03-04,406.84,10.8,2,Economy,63,2026-05-22 11:14:34,JFK-LAX,3,0,0,0,2mo+,37.67,6.010874940627805,0.0
FL0230,Delta,BOS,DEN,2024-03-20,1413.88,8.2,2,Economy,79,2026-05-22 11:14:34,BOS-DEN,3,2,0,0,2mo+,172.42,7.254800000827425,0.0
FL0232,Spirit,BOS,DEN,2024-03-17,107.9,8.8,2,Business,76,2026-05-22 11:14:34,BOS-DEN,3,6,1,0,2mo+,12.26,4.690430029938915,2.0
FL0233,Alaska,JFK,LAX,2024-03-07,502.66,13.3,2,Premium Economy,66,2026-05-22 11:14:34,JFK-LAX,3,3,0,0,2mo+,37.79,6.221901437249657,1.0
FL0236,Delta,ORD,MIA,2024-06-18,95.72,6.2,2,Business,169,2026-05-22 11:14:34,ORD-MIA,6,1,0,1,2mo+,15.44,4.571820206306537,2.0
FL0238,Frontier,SFO,SEA,2024-04-01,245.66,3.9,2,Economy,91,2026-05-22 11:14:34,SFO-SEA,4,0,0,0,2mo+,62.99,5.508010870137842,0.0
FL0239,United,NYC,LAX,2024-06-25,869.48,10.2,2,Premium Economy,176,2026-05-22 11:14:34,NYC-LAX,6,1,0,1,2mo+,85.24,6.769044783642757,1.0
FL0240,Alaska,JFK,LAX,2024-06-29,732.33,2.2,0,,180,2026-05-22 11:14:34,JFK-LAX,6,5,1,1,2mo+,332.88,6.597595805213421,
FL0241,United,JFK,LAX,2024-02-29,649.79,13.7,0,Economy,59,2026-05-22 11:14:34,JFK-LAX,2,3,0,0,1-2mo,47.43,6.47818700952308,0.0
FL0243,Southwest,BOS,DEN,2024-03-18,1373.88,6.5,0,Business,77,2026-05-22 11:14:34,BOS-DEN,3,0,0,0,2mo+,211.37,7.226121733564913,2.0
FL0244,Spirit,JFK,LAX,2024-05-09,1009.77,10.7,0,Economy,129,2026-05-22 11:14:34,JFK-LAX,5,3,0,0,2mo+,94.37,6.918467695611783,0.0
FL0245,Alaska,ORD,MIA,2024-04-15,1522.52,11.1,2,Economy,84,2026-05-22 11:14:34,ORD-MIA,4,0,0,0,2mo+,137.16,7.328778726006154,0.0
FL0246,Jetblue,BOS,DEN,2024-01-23,1698.77,10.0,2,,22,2026-05-22 11:14:34,BOS-DEN,1,1,0,0,2-4wk,169.88,7.438248226773585,
FL0247,United,BOS,DEN,2024-04-10,221.11,10.4,1,Economy,100,2026-05-22 11:14:34,BOS-DEN,4,2,0,0,2mo+,21.26,5.403172754650417,0.0
FL0248,Delta,JFK,LAX,2024-02-18,844.95,2.8,0,Business,48,2026-05-22 11:14:34,JFK-LAX,2,6,1,0,1-2mo,301.77,6.7404602562048055,2.0
FL0249,Frontier,JFK,LAX,2024-04-15,234.14,9.0,2,,99,2026-05-22 11:14:34,JFK-LAX,4,0,0,0,2mo+,26.02,5.460181081439595,
FL0250,American,ORD,MIA,2024-06-25,1042.4,4.5,1,First Class,176,2026-05-22 11:14:34,ORD-MIA,6,1,0,1,2mo+,231.64,6.950239890588293,3.0
FL0251,Spirit,ATL,LAS,2024-05-04,331.01,4.9,2,First Class,124,2026-05-22 11:14:34,ATL-LAS,5,5,1,0,2mo+,67.55,5.805165088944803,3.0
FL0252,Spirit,BOS,DEN,2024-04-15,932.78,7.2,1,,78,2026-05-22 11:14:34,BOS-DEN,4,0,0,0,2mo+,129.55,6.839240864444974,
FL0253,Southwest,JFK,LAX,2024-03-18,646.81,11.7,1,Economy,77,2026-05-22 11:14:34,JFK-LAX,3,0,0,0,2mo+,55.28,6.473597443481311,0.0
FL0254,Spirit,NYC,LAX,2024-05-28,764.97,10.7,2,Economy,148,2026-05-22 11:14:34,NYC-LAX,5,1,0,0,2mo+,71.49,6.641143004482781,0.0
FL0255,Delta,ATL,LAS,2024-06-24,755.85,8.5,1,Premium Economy,175,2026-05-22 11:14:34,ATL-LAS,6,0,0,1,2mo+,88.92,6.629165083208574,1.0
FL0257,Alaska,ATL,LAS,2024-04-25,1212.9,11.4,0,Business,115,2026-05-22 11:14:34,ATL-LAS,4,3,0,0,2mo+,106.39,7.101593595903758,2.0
FL0258,Delta,JFK,LAX,2024-04-03,1668.41,6.7,0,Business,93,2026-05-22 11:14:34,JFK-LAX,4,2,0,0,2mo+,249.02,7.420225549574806,2.0
FL0260,Delta,JFK,LAX,2024-03-08,650.35,2.8,0,Business,67,2026-05-22 11:14:34,JFK-LAX,3,4,0,0,2mo+,232.27,6.479047132143573,2.0
FL0261,Alaska,BOS,DEN,2024-03-30,752.75,8.9,1,Economy,89,2026-05-22 11:14:34,BOS-DEN,3,5,1,0,2mo+,84.58,6.625060748041395,0.0
FL0262,Alaska,ATL,LAS,2024-03-31,1734.17,13.3,1,,90,2026-05-22 11:14:34,ATL-LAS,3,6,1,0,2mo+,130.39,7.458860670289901,
FL0263,Delta,BOS,DEN,2024-03-23,679.08,10.5,2,,82,2026-05-22 11:14:34,BOS-DEN,3,5,1,0,2mo+,64.67,6.522210438309103,
FL0265,Frontier,NYC,LAX,2024-02-18,1728.56,6.6,1,Economy,48,2026-05-22 11:14:34,NYC-LAX,2,6,1,0,1-2mo,261.9,7.455622319883012,0.0
FL0266,United,JFK,LAX,2024-02-25,1598.93,6.9,0,Business,55,2026-05-22 11:14:34,JFK-LAX,2,6,1,0,1-2mo,231.73,7.3777151572708135,2.0
FL0267,Alaska,ORD,MIA,2024-03-09,1003.45,4.0,0,Business,68,2026-05-22 11:14:34,ORD-MIA,3,5,1,0,2mo+,250.86,6.912195407008158,2.0
FL0269,Spirit,ATL,LAS,2024-03-20,1095.09,5.4,1,Premium Economy,79,2026-05-22 11:14:34,ATL-LAS,3,2,0,0,2mo+,202.79,6.999504580924883,1.0
FL0271,Alaska,SFO,SEA,2024-04-02,321.31,7.1,0,Business,92,2026-05-22 11:14:34,SFO-SEA,4,1,0,0,2mo+,45.25,5.775513815333549,2.0
FL0272,Alaska,BOS,DEN,2024-04-17,1737.79,7.7,2,Economy,107,2026-05-22 11:14:34,BOS-DEN,4,2,0,0,2mo+,225.69,7.460944748005391,0.0
FL0273,American,SFO,SEA,2024-02-28,133.08,5.2,2,,58,2026-05-22 11:14:34,SFO-SEA,2,2,0,0,1-2mo,25.59,4.898436636733773,
FL0275,Delta,JFK,LAX,2024-03-18,839.15,6.8,1,Economy,77,2026-05-22 11:14:34,JFK-LAX,3,0,0,0,2mo+,123.4,6.733580447323951,0.0
FL0276,United,ATL,LAS,2024-02-24,1484.77,13.9,1,Premium Economy,54,2026-05-22 11:14:34,ATL-LAS,2,5,1,0,1-2mo,106.82,7.303688435371043,1.0
FL0277,United,NYC,LAX,2024-02-23,1129.65,9.2,1,First Class,53,2026-05-22 11:14:34,NYC-LAX,2,4,0,0,1-2mo,122.79,7.030547967569003,3.0
FL0279,American,ORD,MIA,2024-06-17,1370.16,2.2,2,Business,168,2026-05-22 11:14:34,ORD-MIA,6,0,0,1,2mo+,622.8,7.22341237588943,2.0
FL0280,Jetblue,SFO,SEA,2024-02-07,1504.99,10.0,2,Premium Economy,37,2026-05-22 11:14:34,SFO-SEA,2,2,0,0,1-2mo,150.5,7.317205768231552,1.0
FL0281,Spirit,JFK,LAX,2024-05-12,209.89,11.1,2,Economy,132,2026-05-22 11:14:34,JFK-LAX,5,6,1,0,2mo+,18.91,5.351336670523673,0.0
FL0283,Jetblue,ORD,MIA,2024-03-10,764.07,11.8,2,First Class,69,2026-05-22 11:14:34,ORD-MIA,3,6,1,0,2mo+,64.75,6.639967332908341,3.0
FL0284,Alaska,SFO,SEA,2024-01-13,914.78,10.0,0,Economy,12,2026-05-22 11:14:34,SFO-SEA,1,5,1,0,1-2wk,91.48,6.819776161155086,0.0
FL0285,American,ORD,MIA,2024-02-22,351.73,13.9,2,Premium Economy,52,2026-05-22 11:14:34,ORD-MIA,2,3,0,0,1-2mo,25.3,5.86570289174782,1.0
FL0287,United,JFK,LAX,2024-04-15,605.48,4.4,0,Business,25,2026-05-22 11:14:34,JFK-LAX,4,0,0,0,2-4wk,137.61,6.407671751748048,2.0
FL0288,Frontier,BOS,DEN,2024-02-01,845.52,9.1,2,Premium Economy,31,2026-05-22 11:14:34,BOS-DEN,2,3,0,0,1-2mo,92.91,6.741133827992253,1.0
FL0289,Jetblue,SFO,SEA,2024-03-22,473.79,11.6,0,Business,81,2026-05-22 11:14:34,SFO-SEA,3,4,0,0,2mo+,40.84,6.162872601014138,2.0
FL0290,Delta,JFK,LAX,2024-01-19,1375.43,13.9,1,Business,18,2026-05-22 11:14:34,JFK-LAX,1,4,0,0,2-4wk,98.95,7.2272484696753345,2.0
FL0291,Southwest,SFO,SEA,2024-06-07,1322.58,3.4,2,Economy,158,2026-05-22 11:14:34,SFO-SEA,6,4,0,1,2mo+,388.99,7.188095465628067,0.0
FL0292,Southwest,ORD,MIA,2024-03-22,291.83,5.9,2,First Class,81,2026-05-22 11:14:34,ORD-MIA,3,4,0,0,2mo+,49.46,5.679592235854983,3.0
FL0293,Southwest,ORD,MIA,2024-06-18,1113.72,5.1,0,Business,169,2026-05-22 11:14:34,ORD-MIA,6,1,0,1,2mo+,218.38,7.016358531281809,2.0
FL0294,Southwest,BOS,DEN,2024-05-07,588.33,12.7,1,Economy,127,2026-05-22 11:14:34,BOS-DEN,5,1,0,0,2mo+,46.33,6.378986298404886,0.0
FL0295,United,ORD,MIA,2024-04-10,1761.64,13.2,1,Economy,100,2026-05-22 11:14:34,ORD-MIA,4,2,0,0,2mo+,133.46,7.474567964155933,0.0
FL0296,Delta,NYC,LAX,2024-01-06,377.16,13.8,0,First Class,5,2026-05-22 11:14:34,NYC-LAX,1,5,1,0,Last-min,27.33,5.935317386484981,3.0
FL0298,Southwest,JFK,LAX,2024-01-22,1002.89,5.0,2,,21,2026-05-22 11:14:34,JFK-LAX,1,0,0,0,2-4wk,200.58,6.911637732496359,
FL0299,Southwest,SFO,SEA,2024-03-21,752.06,11.9,0,Economy,80,2026-05-22 11:14:34,SFO-SEA,3,3,0,0,2mo+,63.2,6.62414490590041,0.0
FL0300,American,BOS,DEN,2024-06-20,827.31,9.1,2,Economy,171,2026-05-22 11:14:34,BOS-DEN,6,3,0,1,2mo+,90.91,6.719387480451781,0.0
FL0301,Jetblue,JFK,LAX,2024-02-13,1286.58,13.4,2,Premium Economy,43,2026-05-22 11:14:34,JFK-LAX,2,1,0,0,1-2mo,96.01,7.160519766529865,1.0
FL0302,United,ORD,MIA,2024-03-09,130.49,4.9,0,Premium Economy,68,2026-05-22 11:14:34,ORD-MIA,3,5,1,0,2mo+,26.63,4.878930803098828,1.0
FL0303,United,ORD,MIA,2024-04-05,958.54,12.2,1,Business,95,2026-05-22 11:14:34,ORD-MIA,4,4,0,0,2mo+,78.57,6.866454002958182,2.0
FL0304,Frontier,ORD,MIA,2024-01-13,955.18,12.3,1,Business,12,2026-05-22 11:14:34,ORD-MIA,1,5,1,0,1-2wk,77.66,6.862946179846924,2.0
FL0305,Frontier,SFO,SEA,2024-02-28,1554.87,12.9,2,Premium Economy,58,2026-05-22 11:14:34,SFO-SEA,2,2,0,0,1-2mo,120.53,7.349790153690205,1.0
FL0306,Delta,NYC,LAX,2024-02-16,213.97,7.8,0,Economy,46,2026-05-22 11:14:34,NYC-LAX,2,4,0,0,1-2mo,27.43,5.370498483508045,0.0
FL0307,Delta,JFK,LAX,2024-01-24,879.96,12.1,2,First Class,23,2026-05-22 11:14:34,JFK-LAX,1,2,0,0,2-4wk,72.72,6.781012221954242,3.0
FL0308,Southwest,BOS,DEN,2024-06-01,1429.35,4.5,2,Premium Economy,152,2026-05-22 11:14:34,BOS-DEN,6,5,1,1,2mo+,317.63,7.26567444855103,1.0
FL0309,Delta,BOS,DEN,2024-06-12,1683.72,9.1,2,First Class,163,2026-05-22 11:14:34,BOS-DEN,6,2,0,1,2mo+,185.02,7.4293546568715225,3.0
FL0310,Frontier,JFK,LAX,2024-05-16,727.19,5.3,1,Economy,136,2026-05-22 11:14:34,JFK-LAX,5,3,0,0,2mo+,137.21,6.590562003155968,0.0
FL0311,Spirit,JFK,LAX,2024-05-14,324.88,2.0,1,Economy,134,2026-05-22 11:14:34,JFK-LAX,5,1,0,0,2mo+,162.44,5.786529215442441,0.0
FL0312,American,ORD,MIA,2024-04-22,949.34,6.4,0,Business,112,2026-05-22 11:14:34,ORD-MIA,4,0,0,0,2mo+,148.33,6.856819815302384,2.0
FL0313,Southwest,ATL,LAS,2024-03-23,621.82,10.3,2,Economy,82,2026-05-22 11:14:34,ATL-LAS,3,5,1,0,2mo+,60.37,6.434257552482125,0.0
FL0314,United,BOS,DEN,2024-04-30,1404.65,2.8,2,Business,120,2026-05-22 11:14:34,BOS-DEN,4,1,0,0,2mo+,501.66,7.2482551082379425,2.0
FL0317,American,ATL,LAS,2024-01-26,379.05,12.2,1,Economy,25,2026-05-22 11:14:34,ATL-LAS,1,4,0,0,2-4wk,31.07,5.94030282301205,0.0
FL0319,Spirit,ATL,LAS,2024-02-03,208.98,4.0,2,Economy,33,2026-05-22 11:14:34,ATL-LAS,2,5,1,0,1-2mo,52.24,5.347012288086795,0.0
FL0321,Southwest,NYC,LAX,2024-06-07,401.9,12.5,0,Premium Economy,158,2026-05-22 11:14:34,NYC-LAX,6,4,0,1,2mo+,32.15,5.998688392197302,1.0
FL0323,Alaska,BOS,DEN,2024-05-03,1459.73,13.9,2,First Class,123,2026-05-22 11:14:34,BOS-DEN,5,4,0,0,2mo+,105.02,7.286691589744033,3.0
FL0324,Alaska,NYC,LAX,2024-01-16,389.28,4.2,2,Business,15,2026-05-22 11:14:34,NYC-LAX,1,1,0,0,2-4wk,92.69,5.966864430239749,2.0
FL0325,Delta,NYC,LAX,2024-03-10,1799.32,2.8,1,,69,2026-05-22 11:14:34,NYC-LAX,3,6,1,0,2mo+,642.61,7.495719705861437,
FL0326,Spirit,BOS,DEN,2024-02-16,1770.18,13.2,1,,46,2026-05-22 11:14:34,BOS-DEN,2,4,0,0,1-2mo,134.1,7.479401270111035,
FL0327,Alaska,NYC,LAX,2024-05-25,128.52,13.3,1,Business,145,2026-05-22 11:14:34,NYC-LAX,5,5,1,0,2mo+,9.66,4.86383530936938,2.0
FL0328,Spirit,ATL,LAS,2024-05-15,145.3,9.0,0,Business,135,2026-05-22 11:14:34,ATL-LAS,5,2,0,0,2mo+,16.14,4.9856593080260785,2.0
FL0330,Jetblue,ORD,MIA,2024-05-31,1560.35,6.2,2,First Class,151,2026-05-22 11:14:34,ORD-MIA,5,4,0,0,2mo+,251.67,7.353306110629587,3.0
FL0331,Delta,SFO,SEA,2024-06-16,1339.65,9.5,2,Premium Economy,167,2026-05-22 11:14:34,SFO-SEA,6,6,1,1,2mo+,141.02,7.200909849961158,1.0
FL0332,Delta,NYC,LAX,2024-02-03,1092.99,5.3,2,Premium Economy,33,2026-05-22 11:14:34,NYC-LAX,2,5,1,0,1-2mo,206.22,6.997586842172325,1.0
FL0333,United,JFK,LAX,2024-06-06,1405.83,3.8,2,Economy,157,2026-05-22 11:14:34,JFK-LAX,6,3,0,1,2mo+,369.96,7.2490942253653445,0.0
FL0335,Delta,NYC,LAX,2024-01-29,536.17,2.3,2,Economy,28,2026-05-22 11:14:34,NYC-LAX,1,0,0,0,2-4wk,233.12,6.286314617966826,0.0
FL0338,Delta,JFK,LAX,2024-02-12,1716.86,3.6,2,Economy,42,2026-05-22 11:14:34,JFK-LAX,2,0,0,0,1-2mo,476.91,7.448834609118928,0.0
FL0339,American,NYC,LAX,2024-06-05,1135.47,1.9,1,Economy,156,2026-05-22 11:14:34,NYC-LAX,6,2,0,1,2mo+,597.62,7.035682246111815,0.0
FL0340,Southwest,ORD,MIA,2024-06-19,1755.97,8.4,2,Economy,170,2026-05-22 11:14:34,ORD-MIA,6,2,0,1,2mo+,209.04,7.471346013482418,0.0
FL0343,Frontier,JFK,LAX,2024-02-18,1619.19,9.5,2,First Class,48,2026-05-22 11:14:34,JFK-LAX,2,6,1,0,1-2mo,170.44,7.390298705299823,3.0
FL0345,Frontier,ORD,MIA,2024-05-22,1470.07,11.0,1,,142,2026-05-22 11:14:34,ORD-MIA,5,2,0,0,2mo+,133.64,7.293745306144959,
FL0346,Frontier,JFK,LAX,2024-05-02,1261.76,8.7,1,,122,2026-05-22 11:14:34,JFK-LAX,5,3,0,0,2mo+,145.03,7.141055080540721,
FL0347,Alaska,JFK,LAX,2024-02-01,1628.78,10.0,1,Business,31,2026-05-22 11:14:34,JFK-LAX,2,3,0,0,1-2mo,162.88,7.3962003153664755,2.0
FL0349,Jetblue,ATL,LAS,2024-05-22,1330.62,2.6,2,Business,142,2026-05-22 11:14:34,ATL-LAS,5,2,0,0,2mo+,511.78,7.194151525113461,2.0
FL0354,Alaska,ATL,LAS,2024-02-05,1556.16,13.7,1,,35,2026-05-22 11:14:34,ATL-LAS,2,0,0,0,1-2mo,113.59,7.350618928275633,
FL0355,Delta,NYC,LAX,2024-04-15,796.85,3.8,1,,105,2026-05-22 11:14:34,NYC-LAX,4,0,0,0,2mo+,209.7,6.681920609856436,
FL0356,Delta,NYC,LAX,2024-02-05,966.26,5.4,2,Business,35,2026-05-22 11:14:34,NYC-LAX,2,0,0,0,1-2mo,178.94,6.874467332115962,2.0
FL0357,Spirit,JFK,LAX,2024-04-27,1585.31,2.2,0,Premium Economy,117,2026-05-22 11:14:34,JFK-LAX,4,5,1,0,2mo+,720.6,7.3691658433723495,1.0
FL0358,Spirit,BOS,DEN,2024-06-24,1496.43,9.4,0,Economy,175,2026-05-22 11:14:34,BOS-DEN,6,0,0,1,2mo+,159.19,7.311505584322752,0.0
FL0360,Southwest,JFK,LAX,2024-06-15,360.2,13.6,1,First Class,166,2026-05-22 11:14:34,JFK-LAX,6,5,1,1,2mo+,26.49,5.88943182154283,3.0
FL0361,United,JFK,LAX,2024-02-04,1567.16,10.0,2,,34,2026-05-22 11:14:34,JFK-LAX,2,6,1,0,1-2mo,156.72,7.357658236520869,
FL0362,Spirit,JFK,LAX,2024-04-19,1126.35,10.4,2,Economy,109,2026-05-22 11:14:34,JFK-LAX,4,4,0,0,2mo+,108.3,7.027625024832521,0.0
FL0364,Jetblue,NYC,LAX,2024-01-18,1101.29,10.1,2,Premium Economy,17,2026-05-22 11:14:34,NYC-LAX,1,3,0,0,2-4wk,109.04,7.005145112987631,1.0
FL0365,Southwest,NYC,LAX,2024-02-19,529.17,12.7,2,Economy,49,2026-05-22 11:14:34,NYC-LAX,2,0,0,0,1-2mo,41.67,6.273197709832352,0.0
FL0366,Frontier,JFK,LAX,2024-03-08,1250.9,9.7,2,Economy,67,2026-05-22 11:14:34,JFK-LAX,3,4,0,0,2mo+,128.96,7.132417676265617,0.0
FL0367,Alaska,JFK,LAX,2024-06-25,1790.98,5.8,1,Premium Economy,176,2026-05-22 11:14:34,JFK-LAX,6,1,0,1,2mo+,308.79,7.491076432758309,1.0
FL0368,American,NYC,LAX,2024-03-17,1534.12,12.5,1,Premium Economy,76,2026-05-22 11:14:34,NYC-LAX,3,6,1,0,2mo+,122.73,7.336363832861487,1.0
FL0369,Spirit,ATL,LAS,2024-06-17,1041.53,13.3,2,Business,168,2026-05-22 11:14:34,ATL-LAS,6,0,0,1,2mo+,78.31,6.949405730237324,2.0
FL0371,American,ORD,MIA,2024-04-16,414.62,10.0,2,Business,106,2026-05-22 11:14:34,ORD-MIA,4,1,0,0,2mo+,41.46,6.029771381262568,2.0
FL0372,American,BOS,DEN,2024-03-22,1777.97,13.8,1,,81,2026-05-22 11:14:34,BOS-DEN,3,4,0,0,2mo+,128.84,7.483789824117238,
FL0373,American,ORD,MIA,2024-04-26,1165.38,9.4,0,Business,116,2026-05-22 11:14:34,ORD-MIA,4,4,0,0,2mo+,123.98,7.06166021433098,2.0
FL0374,Alaska,SFO,SEA,2024-04-14,1393.34,9.2,2,Economy,104,2026-05-22 11:14:34,SFO-SEA,4,6,1,0,2mo+,151.45,7.240176464020129,0.0
FL0376,Frontier,JFK,LAX,2024-03-21,1157.9,10.2,2,Business,80,2026-05-22 11:14:34,JFK-LAX,3,3,0,0,2mo+,113.52,7.055226558340346,2.0
FL0377,American,ATL,LAS,2024-04-22,1497.01,5.1,2,First Class,112,2026-05-22 11:14:34,ATL-LAS,4,0,0,0,2mo+,293.53,7.311892839622306,3.0
FL0379,Jetblue,JFK,LAX,2024-04-07,370.65,9.6,0,,97,2026-05-22 11:14:34,JFK-LAX,4,6,1,0,2mo+,38.61,5.917952551171302,
FL0380,Alaska,JFK,LAX,2024-06-26,162.49,12.0,0,Economy,177,2026-05-22 11:14:34,JFK-LAX,6,2,0,1,2mo+,13.54,5.0967518263873215,0.0
FL0381,United,ORD,MIA,2024-03-19,895.96,10.2,0,Premium Economy,78,2026-05-22 11:14:34,ORD-MIA,3,1,0,0,2mo+,87.84,6.799011267976423,1.0
FL0382,United,ATL,LAS,2024-03-14,1285.25,12.7,0,Economy,73,2026-05-22 11:14:34,ATL-LAS,3,3,0,0,2mo+,101.2,7.159486287148259,0.0
FL0383,Delta,BOS,DEN,2024-04-15,1418.09,13.7,2,Business,105,2026-05-22 11:14:34,BOS-DEN,4,0,0,0,2mo+,103.51,7.257771100095912,2.0
FL0386,Spirit,ATL,LAS,2024-04-03,251.67,2.0,2,Economy,93,2026-05-22 11:14:34,ATL-LAS,4,2,0,0,2mo+,125.84,5.532084289499378,0.0
FL0387,Alaska,ORD,MIA,2024-03-26,1384.11,12.1,1,Business,85,2026-05-22 11:14:34,ORD-MIA,3,1,0,0,2mo+,114.39,7.2335348378503195,2.0
FL0388,Jetblue,ATL,LAS,2024-04-13,239.88,3.8,2,,103,2026-05-22 11:14:34,ATL-LAS,4,5,1,0,2mo+,63.13,5.484298884173478,
FL0389,Delta,JFK,LAX,2024-01-30,902.58,12.6,1,,29,2026-05-22 11:14:34,JFK-LAX,1,1,0,0,2-4wk,71.63,6.806364650661422,
FL0390,Spirit,SFO,SEA,2024-02-17,1647.31,8.6,2,Business,47,2026-05-22 11:14:34,SFO-SEA,2,5,1,0,1-2mo,191.55,7.407505799575668,2.0
FL0391,Frontier,JFK,LAX,2024-05-05,1593.51,12.6,2,Economy,125,2026-05-22 11:14:34,JFK-LAX,5,6,1,0,2mo+,126.47,7.374321757988929,0.0
FL0392,Delta,JFK,LAX,2024-06-21,1206.55,7.8,1,Business,172,2026-05-22 11:14:34,JFK-LAX,6,4,0,1,2mo+,154.69,7.096348792536941,2.0
FL0393,Delta,ORD,MIA,2024-02-09,1329.84,9.8,2,Business,39,2026-05-22 11:14:34,ORD-MIA,2,4,0,0,1-2mo,135.7,7.193565600801122,2.0
FL0398,United,BOS,DEN,2024-04-27,864.68,11.8,1,Business,117,2026-05-22 11:14:34,BOS-DEN,4,5,1,0,2mo+,73.28,6.763515325263393,2.0
FL0400,Frontier,ATL,LAS,2024-02-06,723.09,12.7,2,Economy,36,2026-05-22 11:14:34,ATL-LAS,2,1,0,0,1-2mo,56.94,6.584915694052209,0.0
FL0401,United,ATL,LAS,2024-02-19,402.57,6.4,2,,49,2026-05-22 11:14:34,ATL-LAS,2,0,0,0,1-2mo,62.9,6.000349954695954,
FL0403,Delta,SFO,SEA,2024-05-30,87.46,8.4,2,,150,2026-05-22 11:14:34,SFO-SEA,5,3,0,0,2mo+,10.41,4.482550472440181,
FL0404,Frontier,SFO,SEA,2024-05-10,378.68,2.8,2,Business,130,2026-05-22 11:14:34,SFO-SEA,5,4,0,0,2mo+,135.24,5.939328792687453,2.0
FL0405,Delta,BOS,DEN,2024-02-06,1737.38,7.2,1,First Class,36,2026-05-22 11:14:34,BOS-DEN,2,1,0,0,1-2mo,241.3,7.46070892404401,3.0
FL0407,United,SFO,SEA,2024-05-24,1274.22,2.9,2,Premium Economy,144,2026-05-22 11:14:34,SFO-SEA,5,4,0,0,2mo+,439.39,7.150873991727265,1.0
FL0408,Delta,JFK,LAX,2024-01-05,1617.45,12.5,2,Economy,4,2026-05-22 11:14:34,JFK-LAX,1,4,0,0,Last-min,129.4,7.38922418008713,0.0
FL0409,Delta,SFO,SEA,2024-06-24,177.36,11.3,2,Premium Economy,175,2026-05-22 11:14:34,SFO-SEA,6,0,0,1,2mo+,15.7,5.183803979759276,1.0
FL0410,Southwest,ATL,LAS,2024-06-15,1010.82,7.2,1,Business,166,2026-05-22 11:14:34,ATL-LAS,6,5,1,1,2mo+,140.39,6.919505968414799,2.0
FL0411,Jetblue,ATL,LAS,2024-05-22,160.81,6.7,2,Business,142,2026-05-22 11:14:34,ATL-LAS,5,2,0,0,2mo+,24.0,5.086422807411717,2.0
FL0413,American,ORD,MIA,2024-03-13,378.93,6.2,2,Business,72,2026-05-22 11:14:34,ORD-MIA,3,2,0,0,2mo+,61.12,5.939987025225273,2.0
FL0415,American,ATL,LAS,2024-05-15,1065.0,11.3,2,Business,135,2026-05-22 11:14:34,ATL-LAS,5,2,0,0,2mo+,94.25,6.97166860472579,2.0
FL0417,Alaska,NYC,LAX,2024-01-31,455.73,8.1,0,Business,30,2026-05-22 11:14:34,NYC-LAX,1,2,0,0,2-4wk,56.26,6.124092406669416,2.0
FL0418,Jetblue,BOS,DEN,2024-04-09,1253.99,12.9,0,Economy,99,2026-05-22 11:14:34,BOS-DEN,4,1,0,0,2mo+,97.21,7.1348828834066484,0.0
FL0419,United,NYC,LAX,2024-03-24,955.03,5.2,1,Business,83,2026-05-22 11:14:34,NYC-LAX,3,6,1,0,2mo+,183.66,6.862789293312174,2.0
FL0420,Frontier,JFK,LAX,2024-01-28,442.54,4.2,2,Premium Economy,27,2026-05-22 11:14:34,JFK-LAX,1,6,1,0,2-4wk,105.37,6.094787989339883,1.0
FL0421,Jetblue,ORD,MIA,2024-01-20,344.46,5.6,0,Business,19,2026-05-22 11:14:34,ORD-MIA,1,5,1,0,2-4wk,61.51,5.844876862265139,2.0
FL0422,Frontier,ORD,MIA,2024-04-21,471.55,6.4,2,Premium Economy,111,2026-05-22 11:14:34,ORD-MIA,4,6,1,0,2mo+,73.68,6.158143561441065,1.0
FL0423,Spirit,ORD,MIA,2024-06-29,1183.25,10.9,0,Business,180,2026-05-22 11:14:34,ORD-MIA,6,5,1,1,2mo+,108.56,7.076864941803861,2.0
FL0426,Frontier,NYC,LAX,2024-01-03,99.18,3.3,0,Business,2,2026-05-22 11:14:34,NYC-LAX,1,2,0,0,Last-min,30.05,4.606968567929471,2.0
FL0427,American,ORD,MIA,2024-06-15,1367.07,5.8,2,Business,166,2026-05-22 11:14:34,ORD-MIA,6,5,1,1,2mo+,235.7,7.22115626646402,2.0
FL0428,Delta,SFO,SEA,2024-05-21,1515.77,3.8,0,Economy,141,2026-05-22 11:14:34,SFO-SEA,5,1,0,0,2mo+,398.89,7.324338352824148,0.0
FL0430,United,ORD,MIA,2024-06-07,200.07,7.6,2,Business,158,2026-05-22 11:14:34,ORD-MIA,6,4,0,1,2mo+,26.32,5.303653106137555,2.0
FL0431,Spirit,NYC,LAX,2024-06-14,1728.89,5.4,1,Business,165,2026-05-22 11:14:34,NYC-LAX,6,4,0,1,2mo+,320.16,7.455813101655259,2.0
FL0432,United,NYC,LAX,2024-02-15,876.1,5.3,0,,45,2026-05-22 11:14:34,NYC-LAX,2,3,0,0,1-2mo,165.3,6.776621010957336,
FL0433,Delta,ATL,LAS,2024-01-21,320.8,4.8,0,Premium Economy,20,2026-05-22 11:14:34,ATL-LAS,1,6,1,0,2-4wk,66.83,5.773930234558283,1.0
FL0434,Delta,JFK,LAX,2024-05-22,1075.71,4.2,0,Economy,142,2026-05-22 11:14:34,JFK-LAX,5,2,0,0,2mo+,256.12,6.981665374416695,0.0
FL0435,Delta,SFO,SEA,2024-02-05,464.09,10.7,2,Economy,35,2026-05-22 11:14:34,SFO-SEA,2,0,0,0,1-2mo,43.37,6.14223093524638,0.0
FL0436,American,JFK,LAX,2024-05-12,98.22,13.6,1,Business,132,2026-05-22 11:14:34,JFK-LAX,5,6,1,0,2mo+,7.22,4.597339606872903,2.0
FL0437,Spirit,SFO,SEA,2024-03-01,911.63,4.2,2,Business,60,2026-05-22 11:14:34,SFO-SEA,3,4,0,0,1-2mo,217.05,6.81633054106279,2.0
FL0439,American,ORD,MIA,2024-05-29,976.76,11.9,2,Economy,149,2026-05-22 11:14:34,ORD-MIA,5,2,0,0,2mo+,82.08,6.885264241146605,0.0
FL0440,Spirit,JFK,LAX,2024-02-28,1203.74,8.0,2,,58,2026-05-22 11:14:34,JFK-LAX,2,2,0,0,1-2mo,150.47,7.094019055008715,
FL0441,United,NYC,LAX,2024-04-23,909.23,7.8,1,Business,113,2026-05-22 11:14:34,NYC-LAX,4,1,0,0,2mo+,116.57,6.813697314828437,2.0
FL0442,Spirit,ATL,LAS,2024-06-19,401.48,10.5,0,Premium Economy,170,2026-05-22 11:14:34,ATL-LAS,6,2,0,1,2mo+,38.24,5.9976454061830635,1.0
FL0443,American,ORD,MIA,2024-01-07,903.56,3.5,2,Business,6,2026-05-22 11:14:34,ORD-MIA,1,6,1,0,Last-min,258.16,6.807448637626989,2.0
FL0444,Delta,SFO,SEA,2024-03-08,961.75,3.3,1,Economy,67,2026-05-22 11:14:34,SFO-SEA,3,4,0,0,2mo+,291.44,6.869793772695019,0.0
FL0445,Alaska,JFK,LAX,2024-04-25,1332.12,13.3,1,,115,2026-05-22 11:14:34,JFK-LAX,4,3,0,0,2mo+,100.16,7.195277338632552,
FL0448,United,JFK,LAX,2024-05-17,1121.48,12.8,0,Economy,137,2026-05-22 11:14:34,JFK-LAX,5,4,0,0,2mo+,87.62,7.02329580208574,0.0
FL0450,Alaska,JFK,LAX,2024-04-19,1459.96,6.3,0,,109,2026-05-22 11:14:34,JFK-LAX,4,4,0,0,2mo+,231.74,7.28684903286803,
FL0452,Frontier,ORD,MIA,2024-04-03,725.05,11.6,2,Premium Economy,93,2026-05-22 11:14:34,ORD-MIA,4,2,0,0,2mo+,62.5,6.587618882976747,1.0
FL0453,Delta,ATL,LAS,2024-02-23,1002.1,9.1,2,Economy,53,2026-05-22 11:14:34,ATL-LAS,2,4,0,0,1-2mo,110.12,6.91085048388944,0.0
FL0455,United,BOS,DEN,2024-03-28,1282.82,4.2,2,Premium Economy,87,2026-05-22 11:14:34,BOS-DEN,3,3,0,0,2mo+,305.43,7.157595287506915,1.0
FL0456,United,JFK,LAX,2024-02-08,1739.06,7.8,0,Economy,38,2026-05-22 11:14:34,JFK-LAX,2,3,0,0,1-2mo,222.96,7.461674874372679,0.0
FL0457,Delta,ORD,MIA,2024-04-13,461.44,2.0,2,First Class,103,2026-05-22 11:14:34,ORD-MIA,4,5,1,0,2mo+,230.72,6.136516818807121,3.0
FL0458,Delta,JFK,LAX,2024-06-18,1490.79,7.0,1,First Class,169,2026-05-22 11:14:34,JFK-LAX,6,1,0,1,2mo+,212.97,7.30773202018716,3.0
FL0460,Frontier,BOS,DEN,2024-04-01,1758.11,4.9,2,Business,91,2026-05-22 11:14:34,BOS-DEN,4,0,0,0,2mo+,358.8,7.472563278313845,2.0
FL0461,Spirit,BOS,DEN,2024-05-24,1347.51,2.6,2,First Class,144,2026-05-22 11:14:34,BOS-DEN,5,4,0,0,2mo+,518.27,7.206755558199304,3.0
FL0462,Delta,ATL,LAS,2024-03-08,1736.46,6.5,0,Economy,67,2026-05-22 11:14:34,ATL-LAS,3,4,0,0,2mo+,267.15,7.460179555591212,0.0
FL0463,United,ORD,MIA,2024-05-18,664.74,7.9,2,First Class,138,2026-05-22 11:14:34,ORD-MIA,5,5,1,0,2mo+,84.14,6.500899203927832,3.0
FL0465,Spirit,JFK,LAX,2024-06-23,523.45,11.4,1,Economy,174,2026-05-22 11:14:34,JFK-LAX,6,6,1,1,2mo+,45.92,6.262350094407613,0.0
FL0466,Spirit,NYC,LAX,2024-04-13,96.72,4.6,0,Economy,103,2026-05-22 11:14:34,NYC-LAX,4,5,1,0,2mo+,21.03,4.5821062463895395,0.0
FL0467,Southwest,SFO,SEA,2024-05-08,688.09,4.9,1,Premium Economy,128,2026-05-22 11:14:34,SFO-SEA,5,2,0,0,2mo+,140.43,6.5353718865759625,1.0
FL0468,United,BOS,DEN,2024-02-10,435.66,4.6,2,Economy,40,2026-05-22 11:14:34,BOS-DEN,2,5,1,0,1-2mo,94.71,6.07915486023497,0.0
FL0470,Delta,ATL,LAS,2024-05-28,1773.16,5.0,1,,148,2026-05-22 11:14:34,ATL-LAS,5,1,0,0,2mo+,354.63,7.481082350459774,
FL0471,Delta,JFK,LAX,2024-04-28,1010.12,6.4,1,Economy,118,2026-05-22 11:14:34,JFK-LAX,4,6,1,0,2mo+,157.83,6.918813906338871,0.0
FL0472,Jetblue,NYC,LAX,2024-04-03,100.33,8.8,2,Business,93,2026-05-22 11:14:34,NYC-LAX,4,2,0,0,2mo+,11.4,4.618382517460226,2.0
FL0473,Spirit,ATL,LAS,2024-04-19,890.71,6.1,2,First Class,109,2026-05-22 11:14:34,ATL-LAS,4,4,0,0,2mo+,146.02,6.793140967611987,3.0
FL0474,Southwest,JFK,LAX,2024-01-27,389.41,8.7,1,Business,26,2026-05-22 11:14:34,JFK-LAX,1,5,1,0,2-4wk,44.76,5.967197468964984,2.0
FL0475,Alaska,JFK,LAX,2024-01-04,417.23,10.7,2,Business,3,2026-05-22 11:14:34,JFK-LAX,1,3,0,0,Last-min,38.99,6.036031520433107,2.0
FL0476,Delta,NYC,LAX,2024-01-27,596.06,8.6,2,Business,26,2026-05-22 11:14:34,NYC-LAX,1,5,1,0,2-4wk,69.31,6.392017610855126,2.0
FL0477,Jetblue,ATL,LAS,2024-04-03,1163.36,5.7,2,First Class,93,2026-05-22 11:14:34,ATL-LAS,4,2,0,0,2mo+,204.1,7.059926858825208,3.0
FL0480,Spirit,NYC,LAX,2024-02-12,1133.17,12.8,0,First Class,42,2026-05-22 11:14:34,NYC-LAX,2,0,0,0,1-2mo,88.53,7.033656384868623,3.0
FL0481,Alaska,ATL,LAS,2024-05-31,1121.26,12.6,2,Economy,151,2026-05-22 11:14:34,ATL-LAS,5,4,0,0,2mo+,88.99,7.023099788292869,0.0
FL0482,United,SFO,SEA,2024-02-24,119.73,9.8,0,Economy,54,2026-05-22 11:14:34,SFO-SEA,2,5,1,0,1-2mo,12.22,4.793556647344296,0.0
FL0483,American,ORD,MIA,2024-01-28,893.88,11.1,0,Economy,27,2026-05-22 11:14:34,ORD-MIA,1,6,1,0,2-4wk,80.53,6.796689631073278,0.0
FL0484,Delta,JFK,LAX,2024-05-15,505.52,9.3,1,Economy,135,2026-05-22 11:14:34,JFK-LAX,5,2,0,0,2mo+,54.36,6.227563809582407,0.0
FL0485,Delta,NYC,LAX,2024-05-21,639.35,13.7,2,Business,141,2026-05-22 11:14:34,NYC-LAX,5,1,0,0,2mo+,46.67,6.462014901872081,2.0
FL0487,American,ORD,MIA,2024-05-14,709.15,5.3,0,First Class,134,2026-05-22 11:14:34,ORD-MIA,5,1,0,0,2mo+,133.8,6.565476215327137,3.0
FL0488,Jetblue,ATL,LAS,2024-04-15,94.31,13.3,2,Business,77,2026-05-22 11:14:34,ATL-LAS,4,0,0,0,2mo+,7.09,4.557134736949535,2.0
FL0490,Delta,JFK,LAX,2024-03-14,216.24,8.0,2,,73,2026-05-22 11:14:34,JFK-LAX,3,3,0,0,2mo+,27.03,5.381002733166644,
FL0491,United,ATL,LAS,2024-06-08,1547.99,5.1,2,Economy,159,2026-05-22 11:14:34,ATL-LAS,6,5,1,1,2mo+,303.53,7.345358384618109,0.0
FL0492,Alaska,BOS,DEN,2024-03-14,341.7,1.8,0,Premium Economy,73,2026-05-22 11:14:34,BOS-DEN,3,3,0,0,2mo+,189.83,5.836855428880563,1.0
FL0493,Alaska,JFK,LAX,2024-05-08,339.18,5.8,2,Premium Economy,128,2026-05-22 11:14:34,JFK-LAX,5,2,0,0,2mo+,58.48,5.829474889285946,1.0
FL0494,American,JFK,LAX,2024-01-20,1530.9,2.2,2,Business,19,2026-05-22 11:14:34,JFK-LAX,1,5,1,0,2-4wk,695.86,7.334264074018651,2.0
FL0495,Alaska,ATL,LAS,2024-04-09,1504.59,11.1,1,Business,99,2026-05-22 11:14:34,ATL-LAS,4,1,0,0,2mo+,135.55,7.316940126938707,2.0
FL0496,Jetblue,JFK,LAX,2024-05-02,1344.76,9.8,1,First Class,122,2026-05-22 11:14:34,JFK-LAX,5,3,0,0,2mo+,137.22,7.204714188214127,3.0
FL0497,Southwest,SFO,SEA,2024-05-04,152.56,8.0,2,First Class,124,2026-05-22 11:14:34,SFO-SEA,5,5,1,0,2mo+,19.07,5.034091370132597,3.0
FL0498,Jetblue,JFK,LAX,2024-01-05,454.6,9.4,2,Business,4,2026-05-22 11:14:34,JFK-LAX,1,4,0,0,Last-min,48.36,6.121615231573027,2.0
FL0499,Spirit,ORD,MIA,2024-06-26,498.11,8.8,2,,177,2026-05-22 11:14:34,ORD-MIA,6,2,0,1,2mo+,56.6,6.2128265123397615,
